{"cameraMode":{"drawMode":0,"name":"Shaded","section":"Shading Mode"},"sceneLighting":false,"audioPlay":false,"sceneViewState":{"m_AlwaysRefresh":false,"showFog":false,"showSkybox":false,"showFlares":true,"showImageEffects":true,"showParticleSystems":true,"showVisualEffectGraphs":true,"m_FxEnabled":true},"in2DMode":false,"pivot":{"x":-0.08013355731964112,"y":2.4289512634277345,"z":0.03119182586669922},"rotation":{"x":-0.12207360565662384,"y":-0.6856118440628052,"z":0.11698084324598313,"w":-0.708727240562439},"size":3.548616886138916,"orthographic":false}