{"cameraMode":{"drawMode":0,"name":"Shaded","section":"Shading Mode"},"sceneLighting":false,"audioPlay":false,"sceneViewState":{"m_AlwaysRefresh":false,"showFog":false,"showSkybox":true,"showFlares":true,"showImageEffects":true,"showParticleSystems":true,"showVisualEffectGraphs":true,"m_FxEnabled":true},"in2DMode":false,"pivot":{"x":-60.83856201171875,"y":0.03352581709623337,"z":-63.79081726074219},"rotation":{"x":-0.011158959940075875,"y":0.9248743653297424,"z":0.03402088209986687,"w":0.380420446395874},"size":0.2868213653564453,"orthographic":false}