{"cameraMode":{"drawMode":0,"name":"Shaded","section":"Shading Mode"},"sceneLighting":false,"audioPlay":false,"sceneViewState":{"m_AlwaysRefresh":false,"showFog":false,"showSkybox":true,"showFlares":true,"showImageEffects":true,"showParticleSystems":true,"showVisualEffectGraphs":true,"m_FxEnabled":true},"in2DMode":false,"pivot":{"x":898.3948974609375,"y":407.2332458496094,"z":59.156402587890628},"rotation":{"x":0.022797690704464914,"y":-0.015999170020222665,"z":0.001781281316652894,"w":1.0003560781478882},"size":112.44686889648438,"orthographic":false}