{"cameraMode":{"drawMode":0,"name":"Shaded","section":"Shading Mode"},"sceneLighting":false,"audioPlay":false,"sceneViewState":{"m_AlwaysRefresh":false,"showFog":false,"showSkybox":true,"showFlares":true,"showImageEffects":true,"showParticleSystems":true,"showVisualEffectGraphs":true,"m_FxEnabled":true},"in2DMode":false,"pivot":{"x":-67.71356201171875,"y":116.05126190185547,"z":-199.88543701171876},"rotation":{"x":-0.01892070285975933,"y":-0.9218594431877136,"z":-0.04538562148809433,"w":0.38444995880126955},"size":231.53387451171876,"orthographic":false}