{"cameraMode":{"drawMode":0,"name":"Shaded","section":"Shading Mode"},"sceneLighting":false,"audioPlay":false,"sceneViewState":{"m_AlwaysRefresh":false,"showFog":false,"showSkybox":true,"showFlares":true,"showImageEffects":true,"showParticleSystems":true,"showVisualEffectGraphs":true,"m_FxEnabled":true},"in2DMode":false,"pivot":{"x":93.82307434082031,"y":164.84429931640626,"z":-269.9866943359375},"rotation":{"x":-0.0046650744043290619,"y":-0.9953511953353882,"z":-0.06847917288541794,"w":0.06789519637823105},"size":293.3177795410156,"orthographic":false}