{"cameraMode":{"drawMode":0,"name":"Shaded","section":"Shading Mode"},"sceneLighting":false,"audioPlay":false,"sceneViewState":{"m_AlwaysRefresh":false,"showFog":false,"showSkybox":false,"showFlares":true,"showImageEffects":true,"showParticleSystems":true,"showVisualEffectGraphs":true,"m_FxEnabled":true},"in2DMode":false,"pivot":{"x":-56.747154235839847,"y":1.9788992404937745,"z":-28.986549377441408},"rotation":{"x":0.06864584982395172,"y":-0.12528102099895478,"z":0.009429579600691796,"w":0.9901842474937439},"size":7.247257232666016,"orthographic":false}